movieId,title,genres,year
1,Movie 1 (2009),Fantasy,2009
2,Movie 2 (1971),Comedy|War,1971
3,Movie 3 (2008),Thriller|Fantasy|Crime,2008
4,Movie 4 (1993),Crime|Family,1993
5,Movie 5 (2009),Comedy|Family|Fantasy,2009
6,Movie 6 (2012),Family|Sci-Fi|Romance,2012
7,Movie 7 (1992),Crime,1992
8,Movie 8 (2021),Action,2021
9,Movie 9 (1986),Animation|Mystery,1986
10,Movie 10 (1998),Family|War,1998
11,Movie 11 (1985),Family|War|Action,1985
12,Movie 12 (1973),Drama|Animation,1973
13,Movie 13 (2013),Adventure|Documentary,2013
14,Movie 14 (1983),Mystery|Animation|Horror,1983
15,Movie 15 (2010),Action|Documentary,2010
16,Movie 16 (1980),Fantasy|War|Mystery,1980
17,Movie 17 (2008),Animation|Documentary|Drama,2008
18,Movie 18 (2019),Sci-Fi|Documentary|Thriller,2019
19,Movie 19 (1993),Horror,1993
20,Movie 20 (1991),Animation|Horror,1991
21,Movie 21 (1975),Comedy|War|Sci-Fi,1975
22,Movie 22 (2006),Sci-Fi|Drama,2006
23,Movie 23 (2023),Documentary,2023
24,Movie 24 (1976),Fantasy|Drama|Sci-Fi,1976
25,Movie 25 (2014),Documentary|Adventure,2014
26,Movie 26 (1999),Family|Crime|Animation,1999
27,Movie 27 (1971),Romance|Comedy|Drama,1971
28,Movie 28 (1981),Drama|War,1981
29,Movie 29 (1986),Family|Sci-Fi,1986
30,Movie 30 (2001),Romance,2001
31,Movie 31 (1989),Thriller,1989
32,Movie 32 (1978),Fantasy,1978
33,Movie 33 (1986),Thriller|Fantasy|Crime,1986
34,Movie 34 (2018),Action|Family,2018
35,Movie 35 (1976),Animation|Family|Fantasy,1976
36,Movie 36 (2018),Thriller|Animation|Action,2018
37,Movie 37 (2016),Fantasy|War,2016
38,Movie 38 (1976),Crime,1976
39,Movie 39 (2017),Comedy,2017
40,Movie 40 (2015),Romance|Comedy,2015
41,Movie 41 (1984),Drama|Adventure,1984
42,Movie 42 (1990),Documentary,1990
43,Movie 43 (1974),Drama|Horror,1974
44,Movie 44 (1999),Mystery|Drama|Action,1999
45,Movie 45 (2003),Thriller|Sci-Fi|War,2003
46,Movie 46 (2020),Romance,2020
47,Movie 47 (2016),Romance,2016
48,Movie 48 (1985),Adventure|Documentary|Fantasy,1985
49,Movie 49 (1979),War|Family,1979
50,Movie 50 (2005),Action|Thriller,2005
51,Movie 51 (1998),Horror,1998
52,Movie 52 (1971),Horror|Animation|Fantasy,1971
53,Movie 53 (1991),War|Sci-Fi|Mystery,1991
54,Movie 54 (1987),Romance|Family|Mystery,1987
55,Movie 55 (1985),Action|Drama|Adventure,1985
56,Movie 56 (1974),Horror,1974
57,Movie 57 (1987),Fantasy|Animation,1987
58,Movie 58 (2005),Fantasy|Mystery|Action,2005
59,Movie 59 (2001),Mystery,2001
60,Movie 60 (1989),Mystery|Fantasy,1989
61,Movie 61 (1990),Sci-Fi|Action|Documentary,1990
62,Movie 62 (1985),Action,1985
63,Movie 63 (1990),Animation|Horror|Thriller,1990
64,Movie 64 (2008),Action|Romance|Crime,2008
65,Movie 65 (2003),Documentary|Action|War,2003
66,Movie 66 (1970),Horror|Action,1970
67,Movie 67 (1988),Animation|Horror|Thriller,1988
68,Movie 68 (2021),Comedy,2021
69,Movie 69 (2012),Fantasy,2012
70,Movie 70 (2020),Action|Horror,2020
71,Movie 71 (1995),Adventure,1995
72,Movie 72 (1977),Family|Drama,1977
73,Movie 73 (2021),Romance,2021
74,Movie 74 (2020),War|Action|Documentary,2020
75,Movie 75 (1977),Comedy|Adventure|Family,1977
76,Movie 76 (1986),Crime,1986
77,Movie 77 (2018),Fantasy|Thriller,2018
78,Movie 78 (2005),Mystery|Crime,2005
79,Movie 79 (2013),Sci-Fi,2013
80,Movie 80 (1986),Fantasy,1986
81,Movie 81 (1994),Comedy|Sci-Fi|Animation,1994
82,Movie 82 (2012),Romance|Sci-Fi,2012
83,Movie 83 (1981),Romance|Drama|Fantasy,1981
84,Movie 84 (1978),Mystery|Comedy,1978
85,Movie 85 (1986),Horror,1986
86,Movie 86 (1977),Fantasy,1977
87,Movie 87 (1990),Fantasy|Horror|Action,1990
88,Movie 88 (2005),Crime|Family|Romance,2005
89,Movie 89 (1989),Romance|Action|Drama,1989
90,Movie 90 (1984),Thriller|Comedy|Action,1984
91,Movie 91 (2007),Romance,2007
92,Movie 92 (2000),War|Mystery,2000
93,Movie 93 (1976),Family|Adventure|Mystery,1976
94,Movie 94 (1972),Thriller,1972
95,Movie 95 (2014),Drama,2014
96,Movie 96 (1975),War|Crime|Action,1975
97,Movie 97 (1977),Action|Horror|Documentary,1977
98,Movie 98 (1987),Animation,1987
99,Movie 99 (1992),Adventure|Mystery,1992
100,Movie 100 (2022),Horror|Family,2022
101,Movie 101 (1978),Comedy,1978
102,Movie 102 (1992),Thriller,1992
103,Movie 103 (1996),Crime|Thriller|War,1996
104,Movie 104 (2018),Horror|Crime,2018
105,Movie 105 (1989),Drama|War,1989
106,Movie 106 (2006),Comedy,2006
107,Movie 107 (1990),Animation,1990
108,Movie 108 (1976),Drama|Comedy,1976
109,Movie 109 (1974),Action,1974
110,Movie 110 (2012),Action|Romance|Animation,2012
111,Movie 111 (1982),Horror|Documentary,1982
112,Movie 112 (1981),Fantasy,1981
113,Movie 113 (2001),Drama,2001
114,Movie 114 (1988),Animation,1988
115,Movie 115 (1990),Sci-Fi|Adventure,1990
116,Movie 116 (1973),Horror,1973
117,Movie 117 (2015),Crime|Sci-Fi,2015
118,Movie 118 (1989),Documentary|Thriller|War,1989
119,Movie 119 (1971),Comedy,1971
120,Movie 120 (1984),Sci-Fi|War,1984
121,Movie 121 (2012),Sci-Fi,2012
122,Movie 122 (2009),Mystery|Animation,2009
123,Movie 123 (2012),Thriller|Romance|Mystery,2012
124,Movie 124 (2014),Family|Sci-Fi,2014
125,Movie 125 (1996),Crime,1996
126,Movie 126 (2002),War,2002
127,Movie 127 (2015),Mystery,2015
128,Movie 128 (2000),Family|Thriller,2000
129,Movie 129 (2000),Family,2000
130,Movie 130 (2013),Fantasy|Action|Animation,2013
131,Movie 131 (1991),Horror,1991
132,Movie 132 (2009),Fantasy,2009
133,Movie 133 (1992),Mystery,1992
134,Movie 134 (2016),Comedy,2016
135,Movie 135 (1995),Fantasy|Documentary,1995
136,Movie 136 (1979),Drama|Crime,1979
137,Movie 137 (2012),Sci-Fi|Documentary|Animation,2012
138,Movie 138 (2017),War,2017
139,Movie 139 (2001),Family,2001
140,Movie 140 (2018),Fantasy|Sci-Fi|Comedy,2018
141,Movie 141 (2001),Horror|Romance|Sci-Fi,2001
142,Movie 142 (1973),Animation|Drama|Romance,1973
143,Movie 143 (1988),Thriller|Fantasy,1988
144,Movie 144 (1979),Family,1979
145,Movie 145 (2018),Documentary|Adventure,2018
146,Movie 146 (2001),Thriller|Mystery,2001
147,Movie 147 (1980),Documentary,1980
148,Movie 148 (1999),Documentary,1999
149,Movie 149 (2022),Family,2022
150,Movie 150 (1990),Sci-Fi,1990
151,Movie 151 (1997),Adventure,1997
152,Movie 152 (2005),Family|Drama,2005
153,Movie 153 (1972),Action,1972
154,Movie 154 (1979),Thriller|War|Action,1979
155,Movie 155 (2013),Family,2013
156,Movie 156 (1972),Romance|Animation,1972
157,Movie 157 (1974),Action|Crime,1974
158,Movie 158 (1982),Fantasy|Documentary|Animation,1982
159,Movie 159 (1979),Animation|Family|Adventure,1979
160,Movie 160 (2013),War|Mystery|Comedy,2013
161,Movie 161 (2010),Fantasy|Comedy|Crime,2010
162,Movie 162 (1981),Mystery|Horror,1981
163,Movie 163 (1984),Documentary|Mystery,1984
164,Movie 164 (1995),Mystery,1995
165,Movie 165 (2015),Crime|Mystery|Documentary,2015
166,Movie 166 (2013),Mystery,2013
167,Movie 167 (2005),Drama|Horror|Action,2005
168,Movie 168 (2011),Comedy,2011
169,Movie 169 (1993),Romance|Action|Thriller,1993
170,Movie 170 (1987),Fantasy,1987
171,Movie 171 (2000),Crime|Comedy|Romance,2000
172,Movie 172 (1990),Family,1990
173,Movie 173 (2020),Animation|Documentary,2020
174,Movie 174 (2016),Horror|Romance,2016
175,Movie 175 (1974),Adventure|Action|Crime,1974
176,Movie 176 (2003),Crime,2003
177,Movie 177 (2020),Mystery,2020
178,Movie 178 (1971),Comedy|Drama|War,1971
179,Movie 179 (1972),Sci-Fi|Animation|Family,1972
180,Movie 180 (2022),Drama|Crime,2022
181,Movie 181 (1972),Comedy,1972
182,Movie 182 (1976),Sci-Fi|Romance,1976
183,Movie 183 (2015),Romance|Action,2015
184,Movie 184 (2005),War|Animation|Family,2005
185,Movie 185 (2002),Crime|Fantasy|Romance,2002
186,Movie 186 (2014),Fantasy|Animation|Comedy,2014
187,Movie 187 (1994),Crime|Fantasy,1994
188,Movie 188 (2018),Adventure|Crime,2018
189,Movie 189 (2019),Action,2019
190,Movie 190 (2002),Romance,2002
191,Movie 191 (1994),Adventure|Comedy,1994
192,Movie 192 (2012),Documentary|Horror|Action,2012
193,Movie 193 (1980),Horror|Comedy,1980
194,Movie 194 (2019),Horror,2019
195,Movie 195 (1989),Animation,1989
196,Movie 196 (1988),Romance|Mystery,1988
197,Movie 197 (2000),Romance|Adventure|Horror,2000
198,Movie 198 (1971),Sci-Fi,1971
199,Movie 199 (2018),Thriller|Documentary,2018
200,Movie 200 (1984),Horror,1984
201,Movie 201 (1990),Mystery|Thriller|Documentary,1990
202,Movie 202 (2002),Thriller,2002
203,Movie 203 (1984),Horror,1984
204,Movie 204 (2009),Animation|Drama|Comedy,2009
205,Movie 205 (2019),Drama|Crime,2019
206,Movie 206 (1995),Romance|Fantasy,1995
207,Movie 207 (1977),Animation,1977
208,Movie 208 (2021),Mystery|Horror,2021
209,Movie 209 (1995),Thriller,1995
210,Movie 210 (2009),Mystery|Action|Animation,2009
211,Movie 211 (1992),Action,1992
212,Movie 212 (1993),Family|Crime|Mystery,1993
213,Movie 213 (1999),Romance,1999
214,Movie 214 (1994),Crime,1994
215,Movie 215 (1990),Documentary,1990
216,Movie 216 (2019),Fantasy|Romance,2019
217,Movie 217 (1981),Comedy,1981
218,Movie 218 (2001),Action|Romance,2001
219,Movie 219 (2008),Drama|Fantasy|Adventure,2008
220,Movie 220 (1971),Drama,1971
221,Movie 221 (2001),Adventure|Fantasy|Thriller,2001
222,Movie 222 (2023),Horror|Mystery|Adventure,2023
223,Movie 223 (1990),Romance|Sci-Fi,1990
224,Movie 224 (1983),Adventure|Family|Crime,1983
225,Movie 225 (1984),Crime|Fantasy,1984
226,Movie 226 (2021),Horror,2021
227,Movie 227 (2011),Action,2011
228,Movie 228 (2021),War|Comedy|Family,2021
229,Movie 229 (2012),Family|Adventure,2012
230,Movie 230 (1987),Mystery|Animation|Family,1987
231,Movie 231 (2018),Action|Family,2018
232,Movie 232 (2012),War|Documentary|Comedy,2012
233,Movie 233 (1988),Crime,1988
234,Movie 234 (1985),Family|Mystery,1985
235,Movie 235 (1995),Documentary|War|Comedy,1995
236,Movie 236 (1983),Thriller|Animation,1983
237,Movie 237 (1989),Crime|Thriller|Romance,1989
238,Movie 238 (2023),Drama|Horror,2023
239,Movie 239 (1991),Thriller,1991
240,Movie 240 (2016),Sci-Fi,2016
241,Movie 241 (2009),Action,2009
242,Movie 242 (2016),Action|Horror|Mystery,2016
243,Movie 243 (1994),Family|Fantasy|Thriller,1994
244,Movie 244 (2017),Animation|Adventure,2017
245,Movie 245 (2020),Adventure,2020
246,Movie 246 (1978),Family|Adventure,1978
247,Movie 247 (1985),Mystery|Thriller|Adventure,1985
248,Movie 248 (1995),Drama|Fantasy|Romance,1995
249,Movie 249 (2011),Crime|War,2011
250,Movie 250 (2000),War,2000
251,Movie 251 (2021),Family|Thriller,2021
252,Movie 252 (2006),Comedy|Drama|Adventure,2006
253,Movie 253 (1997),Family|Fantasy,1997
254,Movie 254 (1972),Drama,1972
255,Movie 255 (1992),Mystery|Animation,1992
256,Movie 256 (1972),Crime|Mystery,1972
257,Movie 257 (1970),Animation|Romance,1970
258,Movie 258 (1971),War|Romance,1971
259,Movie 259 (1979),Romance|Mystery|Crime,1979
260,Movie 260 (2002),Horror,2002
261,Movie 261 (1971),Drama,1971
262,Movie 262 (2007),Comedy|Action,2007
263,Movie 263 (1981),Sci-Fi,1981
264,Movie 264 (1981),Adventure|Horror|War,1981
265,Movie 265 (1977),Documentary,1977
266,Movie 266 (1996),Family,1996
267,Movie 267 (1983),Drama|War|Thriller,1983
268,Movie 268 (2015),Drama,2015
269,Movie 269 (1980),Sci-Fi,1980
270,Movie 270 (2005),Romance|Action|Family,2005
271,Movie 271 (1986),Drama|Sci-Fi,1986
272,Movie 272 (2004),Documentary|Romance,2004
273,Movie 273 (2003),Comedy,2003
274,Movie 274 (1998),Romance|Documentary|Drama,1998
275,Movie 275 (1991),Action|Documentary,1991
276,Movie 276 (1977),Horror,1977
277,Movie 277 (2008),Crime|Sci-Fi,2008
278,Movie 278 (2011),Family,2011
279,Movie 279 (1999),Romance|Crime,1999
280,Movie 280 (2008),Fantasy,2008
281,Movie 281 (2006),Comedy|Animation,2006
282,Movie 282 (1983),Family|Animation,1983
283,Movie 283 (1973),Fantasy,1973
284,Movie 284 (2001),Sci-Fi,2001
285,Movie 285 (1980),Adventure|Action,1980
286,Movie 286 (1980),Family,1980
287,Movie 287 (2023),Comedy|Horror,2023
288,Movie 288 (1989),War,1989
289,Movie 289 (2021),Mystery|Horror|Crime,2021
290,Movie 290 (1997),Family|Thriller|Comedy,1997
291,Movie 291 (1978),Documentary|Drama,1978
292,Movie 292 (1975),Sci-Fi|Animation|Adventure,1975
293,Movie 293 (2001),Mystery|Romance,2001
294,Movie 294 (2000),Mystery|Thriller,2000
295,Movie 295 (1978),Adventure,1978
296,Movie 296 (1979),Thriller|Action,1979
297,Movie 297 (2019),Crime|Documentary,2019
298,Movie 298 (1971),Thriller,1971
299,Movie 299 (1998),Adventure|Family|Fantasy,1998
300,Movie 300 (1996),Horror|Action|Fantasy,1996
